NUM_POSTE;NOM_USUEL;AAAAMMJJ;RR
75114001;PARIS-MONTSOURIS;20190101;0.0
75114001;PARIS-MONTSOURIS;20190102;0.0
75114001;PARIS-MONTSOURIS;20190103;0.0
75114001;PARIS-MONTSOURIS;20190104;0.0
75114001;PARIS-MONTSOURIS;20190105;0.0
75114001;PARIS-MONTSOURIS;20190106;0.0
75114001;PARIS-MONTSOURIS;20190107;0.6
75114001;PARIS-MONTSOURIS;20190108;0.0
75114001;PARIS-MONTSOURIS;20190109;0.8
75114001;PARIS-MONTSOURIS;20190110;0.0
75114001;PARIS-MONTSOURIS;20190111;1.2
75114001;PARIS-MONTSOURIS;20190112;0.8
75114001;PARIS-MONTSOURIS;20190113;0.8
75114001;PARIS-MONTSOURIS;20190114;0.0
75114001;PARIS-MONTSOURIS;20190115;0.0
75114001;PARIS-MONTSOURIS;20190116;3.0
75114001;PARIS-MONTSOURIS;20190117;0.0
75114001;PARIS-MONTSOURIS;20190118;0.0
75114001;PARIS-MONTSOURIS;20190119;4.0
75114001;PARIS-MONTSOURIS;20190120;0.8
75114001;PARIS-MONTSOURIS;20190121;0.0
75114001;PARIS-MONTSOURIS;20190122;7.4
75114001;PARIS-MONTSOURIS;20190123;1.0
75114001;PARIS-MONTSOURIS;20190124;1.0
75114001;PARIS-MONTSOURIS;20190125;1.2
75114001;PARIS-MONTSOURIS;20190126;1.6
75114001;PARIS-MONTSOURIS;20190127;4.4
75114001;PARIS-MONTSOURIS;20190128;0.0
75114001;PARIS-MONTSOURIS;20190129;19.6
75114001;PARIS-MONTSOURIS;20190130;0.4
75114001;PARIS-MONTSOURIS;20190131;1.2
75114001;PARIS-MONTSOURIS;20190201;15.9
75114001;PARIS-MONTSOURIS;20190202;0.0
75114001;PARIS-MONTSOURIS;20190203;0.0
75114001;PARIS-MONTSOURIS;20190204;0.0
75114001;PARIS-MONTSOURIS;20190205;0.0
75114001;PARIS-MONTSOURIS;20190206;4.0
75114001;PARIS-MONTSOURIS;20190207;0.8
75114001;PARIS-MONTSOURIS;20190208;1.8
75114001;PARIS-MONTSOURIS;20190209;3.6
75114001;PARIS-MONTSOURIS;20190210;8.5
75114001;PARIS-MONTSOURIS;20190211;0.2
75114001;PARIS-MONTSOURIS;20190212;0.0
75114001;PARIS-MONTSOURIS;20190213;0.0
75114001;PARIS-MONTSOURIS;20190214;0.0
75114001;PARIS-MONTSOURIS;20190215;0.0
75114001;PARIS-MONTSOURIS;20190216;0.0
75114001;PARIS-MONTSOURIS;20190217;0.0
75114001;PARIS-MONTSOURIS;20190218;0.0
75114001;PARIS-MONTSOURIS;20190219;0.0
75114001;PARIS-MONTSOURIS;20190220;0.0
75114001;PARIS-MONTSOURIS;20190221;0.0
75114001;PARIS-MONTSOURIS;20190222;0.0
75114001;PARIS-MONTSOURIS;20190223;0.0
75114001;PARIS-MONTSOURIS;20190224;0.0
75114001;PARIS-MONTSOURIS;20190225;0.0
75114001;PARIS-MONTSOURIS;20190226;0.0
75114001;PARIS-MONTSOURIS;20190227;0.0
75114001;PARIS-MONTSOURIS;20190228;1.2
75114001;PARIS-MONTSOURIS;20190301;1.0
75114001;PARIS-MONTSOURIS;20190302;0.6
75114001;PARIS-MONTSOURIS;20190303;4.2
75114001;PARIS-MONTSOURIS;20190304;2.4
75114001;PARIS-MONTSOURIS;20190305;1.0
75114001;PARIS-MONTSOURIS;20190306;12.1
75114001;PARIS-MONTSOURIS;20190307;0.0
75114001;PARIS-MONTSOURIS;20190308;0.8
75114001;PARIS-MONTSOURIS;20190309;6.4
75114001;PARIS-MONTSOURIS;20190310;0.8
75114001;PARIS-MONTSOURIS;20190311;0.8
75114001;PARIS-MONTSOURIS;20190312;2.6
75114001;PARIS-MONTSOURIS;20190313;1.0
75114001;PARIS-MONTSOURIS;20190314;5.8
75114001;PARIS-MONTSOURIS;20190315;0.2
75114001;PARIS-MONTSOURIS;20190316;2.8
75114001;PARIS-MONTSOURIS;20190317;2.2
75114001;PARIS-MONTSOURIS;20190318;0.0
75114001;PARIS-MONTSOURIS;20190319;0.0
75114001;PARIS-MONTSOURIS;20190320;0.0
75114001;PARIS-MONTSOURIS;20190321;0.0
75114001;PARIS-MONTSOURIS;20190322;0.0
75114001;PARIS-MONTSOURIS;20190323;0.0
75114001;PARIS-MONTSOURIS;20190324;0.0
75114001;PARIS-MONTSOURIS;20190325;0.0
75114001;PARIS-MONTSOURIS;20190326;0.0
75114001;PARIS-MONTSOURIS;20190327;0.0
75114001;PARIS-MONTSOURIS;20190328;0.0
75114001;PARIS-MONTSOURIS;20190329;0.0
75114001;PARIS-MONTSOURIS;20190330;0.0
75114001;PARIS-MONTSOURIS;20190331;0.0
75114001;PARIS-MONTSOURIS;20190401;0.6
75114001;PARIS-MONTSOURIS;20190402;4.6
75114001;PARIS-MONTSOURIS;20190403;0.2
75114001;PARIS-MONTSOURIS;20190404;0.0
75114001;PARIS-MONTSOURIS;20190405;0.0
75114001;PARIS-MONTSOURIS;20190406;0.0
75114001;PARIS-MONTSOURIS;20190407;0.0
75114001;PARIS-MONTSOURIS;20190408;0.0
75114001;PARIS-MONTSOURIS;20190409;0.0
75114001;PARIS-MONTSOURIS;20190410;3.2
75114001;PARIS-MONTSOURIS;20190411;0.0
75114001;PARIS-MONTSOURIS;20190412;0.0
75114001;PARIS-MONTSOURIS;20190413;0.0
75114001;PARIS-MONTSOURIS;20190414;0.0
75114001;PARIS-MONTSOURIS;20190415;0.0
75114001;PARIS-MONTSOURIS;20190416;0.0
75114001;PARIS-MONTSOURIS;20190417;0.0
75114001;PARIS-MONTSOURIS;20190418;0.0
75114001;PARIS-MONTSOURIS;20190419;0.2
75114001;PARIS-MONTSOURIS;20190420;0.0
75114001;PARIS-MONTSOURIS;20190421;0.0
75114001;PARIS-MONTSOURIS;20190422;0.0
75114001;PARIS-MONTSOURIS;20190423;0.0
75114001;PARIS-MONTSOURIS;20190424;5.8
75114001;PARIS-MONTSOURIS;20190425;0.2
75114001;PARIS-MONTSOURIS;20190426;1.2
75114001;PARIS-MONTSOURIS;20190427;2.4
75114001;PARIS-MONTSOURIS;20190428;1.2
75114001;PARIS-MONTSOURIS;20190429;0.0
75114001;PARIS-MONTSOURIS;20190430;0.0
75114001;PARIS-MONTSOURIS;20190501;0.0
75114001;PARIS-MONTSOURIS;20190502;3.0
75114001;PARIS-MONTSOURIS;20190503;7.2
75114001;PARIS-MONTSOURIS;20190504;5.2
75114001;PARIS-MONTSOURIS;20190505;0.8
75114001;PARIS-MONTSOURIS;20190506;0.0
75114001;PARIS-MONTSOURIS;20190507;2.4
75114001;PARIS-MONTSOURIS;20190508;12.4
75114001;PARIS-MONTSOURIS;20190509;1.0
75114001;PARIS-MONTSOURIS;20190510;43.8
75114001;PARIS-MONTSOURIS;20190511;11.5
75114001;PARIS-MONTSOURIS;20190512;0.0
75114001;PARIS-MONTSOURIS;20190513;0.0
75114001;PARIS-MONTSOURIS;20190514;0.0
75114001;PARIS-MONTSOURIS;20190515;0.0
75114001;PARIS-MONTSOURIS;20190516;0.0
75114001;PARIS-MONTSOURIS;20190517;0.6
75114001;PARIS-MONTSOURIS;20190518;17.3
75114001;PARIS-MONTSOURIS;20190519;0.2
75114001;PARIS-MONTSOURIS;20190520;0.2
75114001;PARIS-MONTSOURIS;20190521;0.0
75114001;PARIS-MONTSOURIS;20190522;0.0
75114001;PARIS-MONTSOURIS;20190523;0.0
75114001;PARIS-MONTSOURIS;20190524;0.0
75114001;PARIS-MONTSOURIS;20190525;1.0
75114001;PARIS-MONTSOURIS;20190526;0.0
75114001;PARIS-MONTSOURIS;20190527;0.0
75114001;PARIS-MONTSOURIS;20190528;0.2
75114001;PARIS-MONTSOURIS;20190529;0.0
75114001;PARIS-MONTSOURIS;20190530;0.0
75114001;PARIS-MONTSOURIS;20190531;0.0
75114001;PARIS-MONTSOURIS;20190601;0.0
75114001;PARIS-MONTSOURIS;20190602;0.0
75114001;PARIS-MONTSOURIS;20190603;1.0
75114001;PARIS-MONTSOURIS;20190604;4.5
75114001;PARIS-MONTSOURIS;20190605;17.5
75114001;PARIS-MONTSOURIS;20190606;0.2
75114001;PARIS-MONTSOURIS;20190607;1.4
75114001;PARIS-MONTSOURIS;20190608;0.4
75114001;PARIS-MONTSOURIS;20190609;0.2
75114001;PARIS-MONTSOURIS;20190610;0.0
75114001;PARIS-MONTSOURIS;20190611;2.8
75114001;PARIS-MONTSOURIS;20190612;2.8
75114001;PARIS-MONTSOURIS;20190613;5.7
75114001;PARIS-MONTSOURIS;20190614;8.3
75114001;PARIS-MONTSOURIS;20190615;0.0
75114001;PARIS-MONTSOURIS;20190616;0.0
75114001;PARIS-MONTSOURIS;20190617;0.0
75114001;PARIS-MONTSOURIS;20190618;0.0
75114001;PARIS-MONTSOURIS;20190619;4.8
75114001;PARIS-MONTSOURIS;20190620;1.2
75114001;PARIS-MONTSOURIS;20190621;0.0
75114001;PARIS-MONTSOURIS;20190622;0.0
75114001;PARIS-MONTSOURIS;20190623;0.0
75114001;PARIS-MONTSOURIS;20190624;0.0
75114001;PARIS-MONTSOURIS;20190625;0.0
75114001;PARIS-MONTSOURIS;20190626;0.0
75114001;PARIS-MONTSOURIS;20190627;0.0
75114001;PARIS-MONTSOURIS;20190628;0.0
75114001;PARIS-MONTSOURIS;20190629;0.0
75114001;PARIS-MONTSOURIS;20190630;0.0
75114001;PARIS-MONTSOURIS;20190701;0.0
75114001;PARIS-MONTSOURIS;20190702;0.0
75114001;PARIS-MONTSOURIS;20190703;0.0
75114001;PARIS-MONTSOURIS;20190704;0.0
75114001;PARIS-MONTSOURIS;20190705;0.0
75114001;PARIS-MONTSOURIS;20190706;0.0
75114001;PARIS-MONTSOURIS;20190707;0.0
75114001;PARIS-MONTSOURIS;20190708;0.0
75114001;PARIS-MONTSOURIS;20190709;0.0
75114001;PARIS-MONTSOURIS;20190710;0.0
75114001;PARIS-MONTSOURIS;20190711;0.0
75114001;PARIS-MONTSOURIS;20190712;0.0
75114001;PARIS-MONTSOURIS;20190713;0.0
75114001;PARIS-MONTSOURIS;20190714;0.0
75114001;PARIS-MONTSOURIS;20190715;0.0
75114001;PARIS-MONTSOURIS;20190716;0.0
75114001;PARIS-MONTSOURIS;20190717;0.0
75114001;PARIS-MONTSOURIS;20190718;0.6
75114001;PARIS-MONTSOURIS;20190719;0.0
75114001;PARIS-MONTSOURIS;20190720;5.5
75114001;PARIS-MONTSOURIS;20190721;0.0
75114001;PARIS-MONTSOURIS;20190722;0.0
75114001;PARIS-MONTSOURIS;20190723;0.0
75114001;PARIS-MONTSOURIS;20190724;0.0
75114001;PARIS-MONTSOURIS;20190725;0.0
75114001;PARIS-MONTSOURIS;20190726;12.8
75114001;PARIS-MONTSOURIS;20190727;0.8
75114001;PARIS-MONTSOURIS;20190728;0.0
75114001;PARIS-MONTSOURIS;20190729;0.0
75114001;PARIS-MONTSOURIS;20190730;0.0
75114001;PARIS-MONTSOURIS;20190731;0.0
75114001;PARIS-MONTSOURIS;20190801;0.0
75114001;PARIS-MONTSOURIS;20190802;0.0
75114001;PARIS-MONTSOURIS;20190803;0.0
75114001;PARIS-MONTSOURIS;20190804;0.0
75114001;PARIS-MONTSOURIS;20190805;0.0
75114001;PARIS-MONTSOURIS;20190806;19.3
75114001;PARIS-MONTSOURIS;20190807;0.0
75114001;PARIS-MONTSOURIS;20190808;0.0
75114001;PARIS-MONTSOURIS;20190809;31.3
75114001;PARIS-MONTSOURIS;20190810;0.0
75114001;PARIS-MONTSOURIS;20190811;0.0
75114001;PARIS-MONTSOURIS;20190812;5.9
75114001;PARIS-MONTSOURIS;20190813;0.0
75114001;PARIS-MONTSOURIS;20190814;0.0
75114001;PARIS-MONTSOURIS;20190815;0.0
75114001;PARIS-MONTSOURIS;20190816;0.2
75114001;PARIS-MONTSOURIS;20190817;14.9
75114001;PARIS-MONTSOURIS;20190818;1.6
75114001;PARIS-MONTSOURIS;20190819;0.0
75114001;PARIS-MONTSOURIS;20190820;0.0
75114001;PARIS-MONTSOURIS;20190821;0.0
75114001;PARIS-MONTSOURIS;20190822;0.0
75114001;PARIS-MONTSOURIS;20190823;0.0
75114001;PARIS-MONTSOURIS;20190824;0.0
75114001;PARIS-MONTSOURIS;20190825;0.0
75114001;PARIS-MONTSOURIS;20190826;0.0
75114001;PARIS-MONTSOURIS;20190827;0.0
75114001;PARIS-MONTSOURIS;20190828;0.0
75114001;PARIS-MONTSOURIS;20190829;0.0
75114001;PARIS-MONTSOURIS;20190830;0.0
75114001;PARIS-MONTSOURIS;20190831;0.0
75114001;PARIS-MONTSOURIS;20190901;0.0
75114001;PARIS-MONTSOURIS;20190902;0.0
75114001;PARIS-MONTSOURIS;20190903;0.0
75114001;PARIS-MONTSOURIS;20190904;0.0
75114001;PARIS-MONTSOURIS;20190905;0.0
75114001;PARIS-MONTSOURIS;20190906;0.0
75114001;PARIS-MONTSOURIS;20190907;0.0
75114001;PARIS-MONTSOURIS;20190908;0.0
75114001;PARIS-MONTSOURIS;20190909;0.0
75114001;PARIS-MONTSOURIS;20190910;0.0
75114001;PARIS-MONTSOURIS;20190911;0.0
75114001;PARIS-MONTSOURIS;20190912;0.0
75114001;PARIS-MONTSOURIS;20190913;0.0
75114001;PARIS-MONTSOURIS;20190914;0.0
75114001;PARIS-MONTSOURIS;20190915;0.0
75114001;PARIS-MONTSOURIS;20190916;0.0
75114001;PARIS-MONTSOURIS;20190917;0.0
75114001;PARIS-MONTSOURIS;20190918;0.0
75114001;PARIS-MONTSOURIS;20190919;0.0
75114001;PARIS-MONTSOURIS;20190920;0.0
75114001;PARIS-MONTSOURIS;20190921;0.0
75114001;PARIS-MONTSOURIS;20190922;8.1
75114001;PARIS-MONTSOURIS;20190923;0.0
75114001;PARIS-MONTSOURIS;20190924;4.6
75114001;PARIS-MONTSOURIS;20190925;1.6
75114001;PARIS-MONTSOURIS;20190926;6.1
75114001;PARIS-MONTSOURIS;20190927;1.2
75114001;PARIS-MONTSOURIS;20190928;0.0
75114001;PARIS-MONTSOURIS;20190929;4.0
75114001;PARIS-MONTSOURIS;20190930;0.0
75114001;PARIS-MONTSOURIS;20191001;5.2
75114001;PARIS-MONTSOURIS;20191002;0.0
75114001;PARIS-MONTSOURIS;20191003;1.0
75114001;PARIS-MONTSOURIS;20191004;0.2
75114001;PARIS-MONTSOURIS;20191005;4.2
75114001;PARIS-MONTSOURIS;20191006;1.6
75114001;PARIS-MONTSOURIS;20191007;4.2
75114001;PARIS-MONTSOURIS;20191008;5.6
75114001;PARIS-MONTSOURIS;20191009;4.2
75114001;PARIS-MONTSOURIS;20191010;0.2
75114001;PARIS-MONTSOURIS;20191011;0.0
75114001;PARIS-MONTSOURIS;20191012;0.0
75114001;PARIS-MONTSOURIS;20191013;0.2
75114001;PARIS-MONTSOURIS;20191014;3.0
75114001;PARIS-MONTSOURIS;20191015;1.4
75114001;PARIS-MONTSOURIS;20191016;4.0
75114001;PARIS-MONTSOURIS;20191017;3.6
75114001;PARIS-MONTSOURIS;20191018;0.8
75114001;PARIS-MONTSOURIS;20191019;4.2
75114001;PARIS-MONTSOURIS;20191020;11.2
75114001;PARIS-MONTSOURIS;20191021;0.0
75114001;PARIS-MONTSOURIS;20191022;0.0
75114001;PARIS-MONTSOURIS;20191023;0.4
75114001;PARIS-MONTSOURIS;20191024;0.2
75114001;PARIS-MONTSOURIS;20191025;0.2
75114001;PARIS-MONTSOURIS;20191026;2.6
75114001;PARIS-MONTSOURIS;20191027;7.5
75114001;PARIS-MONTSOURIS;20191028;0.2
75114001;PARIS-MONTSOURIS;20191029;0.6
75114001;PARIS-MONTSOURIS;20191030;0.2
75114001;PARIS-MONTSOURIS;20191031;2.8
75114001;PARIS-MONTSOURIS;20191101;6.5
75114001;PARIS-MONTSOURIS;20191102;2.4
75114001;PARIS-MONTSOURIS;20191103;6.6
75114001;PARIS-MONTSOURIS;20191104;0.0
75114001;PARIS-MONTSOURIS;20191105;0.2
75114001;PARIS-MONTSOURIS;20191106;6.9
75114001;PARIS-MONTSOURIS;20191107;0.4
75114001;PARIS-MONTSOURIS;20191108;0.0
75114001;PARIS-MONTSOURIS;20191109;1.8
75114001;PARIS-MONTSOURIS;20191110;0.6
75114001;PARIS-MONTSOURIS;20191111;2.6
75114001;PARIS-MONTSOURIS;20191112;6.4
75114001;PARIS-MONTSOURIS;20191113;4.8
75114001;PARIS-MONTSOURIS;20191114;3.8
75114001;PARIS-MONTSOURIS;20191115;17.0
75114001;PARIS-MONTSOURIS;20191116;0.0
75114001;PARIS-MONTSOURIS;20191117;0.0
75114001;PARIS-MONTSOURIS;20191118;1.6
75114001;PARIS-MONTSOURIS;20191119;0.0
75114001;PARIS-MONTSOURIS;20191120;0.0
75114001;PARIS-MONTSOURIS;20191121;0.4
75114001;PARIS-MONTSOURIS;20191122;3.2
75114001;PARIS-MONTSOURIS;20191123;2.2
75114001;PARIS-MONTSOURIS;20191124;0.0
75114001;PARIS-MONTSOURIS;20191125;0.2
75114001;PARIS-MONTSOURIS;20191126;12.3
75114001;PARIS-MONTSOURIS;20191127;1.2
75114001;PARIS-MONTSOURIS;20191128;0.2
75114001;PARIS-MONTSOURIS;20191129;0.6
75114001;PARIS-MONTSOURIS;20191130;2.4
75114001;PARIS-MONTSOURIS;20191201;0.4
75114001;PARIS-MONTSOURIS;20191202;0.2
75114001;PARIS-MONTSOURIS;20191203;0.0
75114001;PARIS-MONTSOURIS;20191204;0.0
75114001;PARIS-MONTSOURIS;20191205;0.0
75114001;PARIS-MONTSOURIS;20191206;2.6
75114001;PARIS-MONTSOURIS;20191207;0.0
75114001;PARIS-MONTSOURIS;20191208;12.3
75114001;PARIS-MONTSOURIS;20191209;6.2
75114001;PARIS-MONTSOURIS;20191210;2.2
75114001;PARIS-MONTSOURIS;20191211;1.0
75114001;PARIS-MONTSOURIS;20191212;14.3
75114001;PARIS-MONTSOURIS;20191213;2.4
75114001;PARIS-MONTSOURIS;20191214;2.2
75114001;PARIS-MONTSOURIS;20191215;4.6
75114001;PARIS-MONTSOURIS;20191216;4.5
75114001;PARIS-MONTSOURIS;20191217;0.2
75114001;PARIS-MONTSOURIS;20191218;0.0
75114001;PARIS-MONTSOURIS;20191219;12.7
75114001;PARIS-MONTSOURIS;20191220;2.0
75114001;PARIS-MONTSOURIS;20191221;6.2
75114001;PARIS-MONTSOURIS;20191222;0.4
75114001;PARIS-MONTSOURIS;20191223;3.6
75114001;PARIS-MONTSOURIS;20191224;0.0
75114001;PARIS-MONTSOURIS;20191225;0.0
75114001;PARIS-MONTSOURIS;20191226;8.6
75114001;PARIS-MONTSOURIS;20191227;0.0
75114001;PARIS-MONTSOURIS;20191228;0.0
75114001;PARIS-MONTSOURIS;20191229;0.0
75114001;PARIS-MONTSOURIS;20191230;0.0
75114001;PARIS-MONTSOURIS;20191231;0.0
75114001;PARIS-MONTSOURIS;20200101;1.2
75114001;PARIS-MONTSOURIS;20200102;0.4
75114001;PARIS-MONTSOURIS;20200103;0.2
75114001;PARIS-MONTSOURIS;20200104;0.0
75114001;PARIS-MONTSOURIS;20200105;0.0
75114001;PARIS-MONTSOURIS;20200106;0.0
75114001;PARIS-MONTSOURIS;20200107;0.0
75114001;PARIS-MONTSOURIS;20200108;0.6
75114001;PARIS-MONTSOURIS;20200109;4.2
75114001;PARIS-MONTSOURIS;20200110;0.0
75114001;PARIS-MONTSOURIS;20200111;0.0
75114001;PARIS-MONTSOURIS;20200112;0.0
75114001;PARIS-MONTSOURIS;20200113;0.2
75114001;PARIS-MONTSOURIS;20200114;0.0
75114001;PARIS-MONTSOURIS;20200115;1.2
75114001;PARIS-MONTSOURIS;20200116;1.4
75114001;PARIS-MONTSOURIS;20200117;0.8
75114001;PARIS-MONTSOURIS;20200118;0.0
75114001;PARIS-MONTSOURIS;20200119;0.0
75114001;PARIS-MONTSOURIS;20200120;0.0
75114001;PARIS-MONTSOURIS;20200121;0.0
75114001;PARIS-MONTSOURIS;20200122;0.0
75114001;PARIS-MONTSOURIS;20200123;0.0
75114001;PARIS-MONTSOURIS;20200124;0.0
75114001;PARIS-MONTSOURIS;20200125;0.0
75114001;PARIS-MONTSOURIS;20200126;3.8
75114001;PARIS-MONTSOURIS;20200127;6.2
75114001;PARIS-MONTSOURIS;20200128;1.6
75114001;PARIS-MONTSOURIS;20200129;0.0
75114001;PARIS-MONTSOURIS;20200130;2.8
75114001;PARIS-MONTSOURIS;20200131;3.8
75114001;PARIS-MONTSOURIS;20200201;10.5
75114001;PARIS-MONTSOURIS;20200202;11.8
75114001;PARIS-MONTSOURIS;20200203;8.3
75114001;PARIS-MONTSOURIS;20200204;0.4
75114001;PARIS-MONTSOURIS;20200205;0.0
75114001;PARIS-MONTSOURIS;20200206;0.0
75114001;PARIS-MONTSOURIS;20200207;0.0
75114001;PARIS-MONTSOURIS;20200208;2.4
75114001;PARIS-MONTSOURIS;20200209;2.0
75114001;PARIS-MONTSOURIS;20200210;9.3
75114001;PARIS-MONTSOURIS;20200211;2.0
75114001;PARIS-MONTSOURIS;20200212;0.0
75114001;PARIS-MONTSOURIS;20200213;2.4
75114001;PARIS-MONTSOURIS;20200214;0.0
75114001;PARIS-MONTSOURIS;20200215;0.6
75114001;PARIS-MONTSOURIS;20200216;6.8
75114001;PARIS-MONTSOURIS;20200217;0.2
75114001;PARIS-MONTSOURIS;20200218;5.2
75114001;PARIS-MONTSOURIS;20200219;0.4
75114001;PARIS-MONTSOURIS;20200220;2.6
75114001;PARIS-MONTSOURIS;20200221;0.0
75114001;PARIS-MONTSOURIS;20200222;0.0
75114001;PARIS-MONTSOURIS;20200223;0.4
75114001;PARIS-MONTSOURIS;20200224;4.0
75114001;PARIS-MONTSOURIS;20200225;2.0
75114001;PARIS-MONTSOURIS;20200226;6.4
75114001;PARIS-MONTSOURIS;20200227;8.1
75114001;PARIS-MONTSOURIS;20200228;0.0
75114001;PARIS-MONTSOURIS;20200229;5.1
75114001;PARIS-MONTSOURIS;20200301;21.0
75114001;PARIS-MONTSOURIS;20200302;4.8
75114001;PARIS-MONTSOURIS;20200303;0.0
75114001;PARIS-MONTSOURIS;20200304;5.2
75114001;PARIS-MONTSOURIS;20200305;15.2
75114001;PARIS-MONTSOURIS;20200306;0.0
75114001;PARIS-MONTSOURIS;20200307;0.0
75114001;PARIS-MONTSOURIS;20200308;3.8
75114001;PARIS-MONTSOURIS;20200309;3.2
75114001;PARIS-MONTSOURIS;20200310;0.0
75114001;PARIS-MONTSOURIS;20200311;1.4
75114001;PARIS-MONTSOURIS;20200312;0.6
75114001;PARIS-MONTSOURIS;20200313;0.0
75114001;PARIS-MONTSOURIS;20200314;1.0
75114001;PARIS-MONTSOURIS;20200315;0.0
75114001;PARIS-MONTSOURIS;20200316;0.0
75114001;PARIS-MONTSOURIS;20200317;0.0
75114001;PARIS-MONTSOURIS;20200318;0.0
75114001;PARIS-MONTSOURIS;20200319;0.0
75114001;PARIS-MONTSOURIS;20200320;0.0
75114001;PARIS-MONTSOURIS;20200321;0.0
75114001;PARIS-MONTSOURIS;20200322;0.0
75114001;PARIS-MONTSOURIS;20200323;0.0
75114001;PARIS-MONTSOURIS;20200324;0.0
75114001;PARIS-MONTSOURIS;20200325;0.0
75114001;PARIS-MONTSOURIS;20200326;0.0
75114001;PARIS-MONTSOURIS;20200327;0.0
75114001;PARIS-MONTSOURIS;20200328;0.0
75114001;PARIS-MONTSOURIS;20200329;0.0
75114001;PARIS-MONTSOURIS;20200330;0.0
75114001;PARIS-MONTSOURIS;20200331;0.0
75114001;PARIS-MONTSOURIS;20200401;0.0
75114001;PARIS-MONTSOURIS;20200402;0.0
75114001;PARIS-MONTSOURIS;20200403;0.0
75114001;PARIS-MONTSOURIS;20200404;0.0
75114001;PARIS-MONTSOURIS;20200405;0.0
75114001;PARIS-MONTSOURIS;20200406;2.6
75114001;PARIS-MONTSOURIS;20200407;0.0
75114001;PARIS-MONTSOURIS;20200408;0.0
75114001;PARIS-MONTSOURIS;20200409;0.0
75114001;PARIS-MONTSOURIS;20200410;0.0
75114001;PARIS-MONTSOURIS;20200411;0.0
75114001;PARIS-MONTSOURIS;20200412;1.2
75114001;PARIS-MONTSOURIS;20200413;0.0
75114001;PARIS-MONTSOURIS;20200414;0.0
75114001;PARIS-MONTSOURIS;20200415;0.0
75114001;PARIS-MONTSOURIS;20200416;0.0
75114001;PARIS-MONTSOURIS;20200417;0.0
75114001;PARIS-MONTSOURIS;20200418;0.6
75114001;PARIS-MONTSOURIS;20200419;0.0
75114001;PARIS-MONTSOURIS;20200420;0.0
75114001;PARIS-MONTSOURIS;20200421;0.0
75114001;PARIS-MONTSOURIS;20200422;0.0
75114001;PARIS-MONTSOURIS;20200423;0.0
75114001;PARIS-MONTSOURIS;20200424;0.0
75114001;PARIS-MONTSOURIS;20200425;0.0
75114001;PARIS-MONTSOURIS;20200426;0.0
75114001;PARIS-MONTSOURIS;20200427;3.4
75114001;PARIS-MONTSOURIS;20200428;3.5
75114001;PARIS-MONTSOURIS;20200429;9.3
75114001;PARIS-MONTSOURIS;20200430;8.9
75114001;PARIS-MONTSOURIS;20200501;0.6
75114001;PARIS-MONTSOURIS;20200502;0.0
75114001;PARIS-MONTSOURIS;20200503;0.0
75114001;PARIS-MONTSOURIS;20200504;0.0
75114001;PARIS-MONTSOURIS;20200505;1.8
75114001;PARIS-MONTSOURIS;20200506;0.0
75114001;PARIS-MONTSOURIS;20200507;0.0
75114001;PARIS-MONTSOURIS;20200508;0.0
75114001;PARIS-MONTSOURIS;20200509;35.6
75114001;PARIS-MONTSOURIS;20200510;15.2
75114001;PARIS-MONTSOURIS;20200511;0.0
75114001;PARIS-MONTSOURIS;20200512;0.0
75114001;PARIS-MONTSOURIS;20200513;0.0
75114001;PARIS-MONTSOURIS;20200514;0.0
75114001;PARIS-MONTSOURIS;20200515;0.0
75114001;PARIS-MONTSOURIS;20200516;0.0
75114001;PARIS-MONTSOURIS;20200517;0.0
75114001;PARIS-MONTSOURIS;20200518;0.0
75114001;PARIS-MONTSOURIS;20200519;0.0
75114001;PARIS-MONTSOURIS;20200520;0.0
75114001;PARIS-MONTSOURIS;20200521;0.0
75114001;PARIS-MONTSOURIS;20200522;3.6
75114001;PARIS-MONTSOURIS;20200523;0.4
75114001;PARIS-MONTSOURIS;20200524;0.0
75114001;PARIS-MONTSOURIS;20200525;0.0
75114001;PARIS-MONTSOURIS;20200526;0.0
75114001;PARIS-MONTSOURIS;20200527;0.0
75114001;PARIS-MONTSOURIS;20200528;0.0
75114001;PARIS-MONTSOURIS;20200529;0.0
75114001;PARIS-MONTSOURIS;20200530;0.0
75114001;PARIS-MONTSOURIS;20200531;0.0
75114001;PARIS-MONTSOURIS;20200601;0.0
75114001;PARIS-MONTSOURIS;20200602;0.0
75114001;PARIS-MONTSOURIS;20200603;28.8
75114001;PARIS-MONTSOURIS;20200604;3.4
75114001;PARIS-MONTSOURIS;20200605;1.4
75114001;PARIS-MONTSOURIS;20200606;0.0
75114001;PARIS-MONTSOURIS;20200607;0.0
75114001;PARIS-MONTSOURIS;20200608;0.0
75114001;PARIS-MONTSOURIS;20200609;0.0
75114001;PARIS-MONTSOURIS;20200610;0.4
75114001;PARIS-MONTSOURIS;20200611;8.2
75114001;PARIS-MONTSOURIS;20200612;1.2
75114001;PARIS-MONTSOURIS;20200613;0.0
75114001;PARIS-MONTSOURIS;20200614;0.0
75114001;PARIS-MONTSOURIS;20200615;0.0
75114001;PARIS-MONTSOURIS;20200616;0.0
75114001;PARIS-MONTSOURIS;20200617;0.0
75114001;PARIS-MONTSOURIS;20200618;0.4
75114001;PARIS-MONTSOURIS;20200619;0.0
75114001;PARIS-MONTSOURIS;20200620;0.0
75114001;PARIS-MONTSOURIS;20200621;1.6
75114001;PARIS-MONTSOURIS;20200622;0.0
75114001;PARIS-MONTSOURIS;20200623;0.0
75114001;PARIS-MONTSOURIS;20200624;0.0
75114001;PARIS-MONTSOURIS;20200625;0.0
75114001;PARIS-MONTSOURIS;20200626;0.6
75114001;PARIS-MONTSOURIS;20200627;1.0
75114001;PARIS-MONTSOURIS;20200628;0.0
75114001;PARIS-MONTSOURIS;20200629;0.0
75114001;PARIS-MONTSOURIS;20200630;0.0
75114001;PARIS-MONTSOURIS;20200701;2.0
75114001;PARIS-MONTSOURIS;20200702;0.0
75114001;PARIS-MONTSOURIS;20200703;0.0
75114001;PARIS-MONTSOURIS;20200704;0.0
75114001;PARIS-MONTSOURIS;20200705;0.0
75114001;PARIS-MONTSOURIS;20200706;0.0
75114001;PARIS-MONTSOURIS;20200707;0.0
75114001;PARIS-MONTSOURIS;20200708;0.0
75114001;PARIS-MONTSOURIS;20200709;0.0
75114001;PARIS-MONTSOURIS;20200710;0.0
75114001;PARIS-MONTSOURIS;20200711;0.0
75114001;PARIS-MONTSOURIS;20200712;0.0
75114001;PARIS-MONTSOURIS;20200713;0.0
75114001;PARIS-MONTSOURIS;20200714;0.0
75114001;PARIS-MONTSOURIS;20200715;0.0
75114001;PARIS-MONTSOURIS;20200716;0.0
75114001;PARIS-MONTSOURIS;20200717;0.0
75114001;PARIS-MONTSOURIS;20200718;0.0
75114001;PARIS-MONTSOURIS;20200719;0.0
75114001;PARIS-MONTSOURIS;20200720;0.0
75114001;PARIS-MONTSOURIS;20200721;0.0
75114001;PARIS-MONTSOURIS;20200722;0.0
75114001;PARIS-MONTSOURIS;20200723;0.0
75114001;PARIS-MONTSOURIS;20200724;0.0
75114001;PARIS-MONTSOURIS;20200725;6.3
75114001;PARIS-MONTSOURIS;20200726;0.0
75114001;PARIS-MONTSOURIS;20200727;0.0
75114001;PARIS-MONTSOURIS;20200728;0.0
75114001;PARIS-MONTSOURIS;20200729;0.0
75114001;PARIS-MONTSOURIS;20200730;0.0
75114001;PARIS-MONTSOURIS;20200731;0.0
75114001;PARIS-MONTSOURIS;20200801;0.0
75114001;PARIS-MONTSOURIS;20200802;0.0
75114001;PARIS-MONTSOURIS;20200803;0.0
75114001;PARIS-MONTSOURIS;20200804;0.0
75114001;PARIS-MONTSOURIS;20200805;0.0
75114001;PARIS-MONTSOURIS;20200806;0.0
75114001;PARIS-MONTSOURIS;20200807;0.0
75114001;PARIS-MONTSOURIS;20200808;0.0
75114001;PARIS-MONTSOURIS;20200809;0.0
75114001;PARIS-MONTSOURIS;20200810;0.0
75114001;PARIS-MONTSOURIS;20200811;2.0
75114001;PARIS-MONTSOURIS;20200812;14.8
75114001;PARIS-MONTSOURIS;20200813;6.1
75114001;PARIS-MONTSOURIS;20200814;0.0
75114001;PARIS-MONTSOURIS;20200815;0.0
75114001;PARIS-MONTSOURIS;20200816;7.6
75114001;PARIS-MONTSOURIS;20200817;5.1
75114001;PARIS-MONTSOURIS;20200818;0.0
75114001;PARIS-MONTSOURIS;20200819;0.4
75114001;PARIS-MONTSOURIS;20200820;2.2
75114001;PARIS-MONTSOURIS;20200821;0.0
75114001;PARIS-MONTSOURIS;20200822;0.0
75114001;PARIS-MONTSOURIS;20200823;0.0
75114001;PARIS-MONTSOURIS;20200824;0.2
75114001;PARIS-MONTSOURIS;20200825;0.6
75114001;PARIS-MONTSOURIS;20200826;0.0
75114001;PARIS-MONTSOURIS;20200827;0.4
75114001;PARIS-MONTSOURIS;20200828;1.2
75114001;PARIS-MONTSOURIS;20200829;1.8
75114001;PARIS-MONTSOURIS;20200830;0.6
75114001;PARIS-MONTSOURIS;20200831;0.0
75114001;PARIS-MONTSOURIS;20200901;0.0
75114001;PARIS-MONTSOURIS;20200902;0.0
75114001;PARIS-MONTSOURIS;20200903;0.0
75114001;PARIS-MONTSOURIS;20200904;0.2
75114001;PARIS-MONTSOURIS;20200905;0.0
75114001;PARIS-MONTSOURIS;20200906;0.2
75114001;PARIS-MONTSOURIS;20200907;0.0
75114001;PARIS-MONTSOURIS;20200908;0.0
75114001;PARIS-MONTSOURIS;20200909;0.0
75114001;PARIS-MONTSOURIS;20200910;0.0
75114001;PARIS-MONTSOURIS;20200911;0.0
75114001;PARIS-MONTSOURIS;20200912;0.0
75114001;PARIS-MONTSOURIS;20200913;0.0
75114001;PARIS-MONTSOURIS;20200914;0.0
75114001;PARIS-MONTSOURIS;20200915;0.0
75114001;PARIS-MONTSOURIS;20200916;0.0
75114001;PARIS-MONTSOURIS;20200917;0.0
75114001;PARIS-MONTSOURIS;20200918;0.0
75114001;PARIS-MONTSOURIS;20200919;2.4
75114001;PARIS-MONTSOURIS;20200920;0.0
75114001;PARIS-MONTSOURIS;20200921;0.0
75114001;PARIS-MONTSOURIS;20200922;0.0
75114001;PARIS-MONTSOURIS;20200923;9.5
75114001;PARIS-MONTSOURIS;20200924;7.5
75114001;PARIS-MONTSOURIS;20200925;6.3
75114001;PARIS-MONTSOURIS;20200926;5.8
75114001;PARIS-MONTSOURIS;20200927;13.1
75114001;PARIS-MONTSOURIS;20200928;3.8
75114001;PARIS-MONTSOURIS;20200929;0.6
75114001;PARIS-MONTSOURIS;20200930;3.4
75114001;PARIS-MONTSOURIS;20201001;14.5
75114001;PARIS-MONTSOURIS;20201002;18.4
75114001;PARIS-MONTSOURIS;20201003;1.0
75114001;PARIS-MONTSOURIS;20201004;6.8
75114001;PARIS-MONTSOURIS;20201005;8.0
75114001;PARIS-MONTSOURIS;20201006;1.0
75114001;PARIS-MONTSOURIS;20201007;0.0
75114001;PARIS-MONTSOURIS;20201008;2.8
75114001;PARIS-MONTSOURIS;20201009;1.6
75114001;PARIS-MONTSOURIS;20201010;1.6
75114001;PARIS-MONTSOURIS;20201011;0.0
75114001;PARIS-MONTSOURIS;20201012;2.2
75114001;PARIS-MONTSOURIS;20201013;1.4
75114001;PARIS-MONTSOURIS;20201014;0.6
75114001;PARIS-MONTSOURIS;20201015;0.0
75114001;PARIS-MONTSOURIS;20201016;0.0
75114001;PARIS-MONTSOURIS;20201017;0.0
75114001;PARIS-MONTSOURIS;20201018;0.0
75114001;PARIS-MONTSOURIS;20201019;0.6
75114001;PARIS-MONTSOURIS;20201020;11.3
75114001;PARIS-MONTSOURIS;20201021;0.2
75114001;PARIS-MONTSOURIS;20201022;0.0
75114001;PARIS-MONTSOURIS;20201023;0.0
75114001;PARIS-MONTSOURIS;20201024;1.6
75114001;PARIS-MONTSOURIS;20201025;12.8
75114001;PARIS-MONTSOURIS;20201026;0.2
75114001;PARIS-MONTSOURIS;20201027;3.8
75114001;PARIS-MONTSOURIS;20201028;3.0
75114001;PARIS-MONTSOURIS;20201029;0.0
75114001;PARIS-MONTSOURIS;20201030;0.0
75114001;PARIS-MONTSOURIS;20201031;1.2
75114001;PARIS-MONTSOURIS;20201101;0.8
75114001;PARIS-MONTSOURIS;20201102;1.2
75114001;PARIS-MONTSOURIS;20201103;0.2
75114001;PARIS-MONTSOURIS;20201104;0.0
75114001;PARIS-MONTSOURIS;20201105;0.2
75114001;PARIS-MONTSOURIS;20201106;0.0
75114001;PARIS-MONTSOURIS;20201107;0.0
75114001;PARIS-MONTSOURIS;20201108;0.2
75114001;PARIS-MONTSOURIS;20201109;1.2
75114001;PARIS-MONTSOURIS;20201110;2.2
75114001;PARIS-MONTSOURIS;20201111;0.4
75114001;PARIS-MONTSOURIS;20201112;0.0
75114001;PARIS-MONTSOURIS;20201113;0.4
75114001;PARIS-MONTSOURIS;20201114;0.0
75114001;PARIS-MONTSOURIS;20201115;4.4
75114001;PARIS-MONTSOURIS;20201116;0.0
75114001;PARIS-MONTSOURIS;20201117;0.0
75114001;PARIS-MONTSOURIS;20201118;1.0
75114001;PARIS-MONTSOURIS;20201119;2.0
75114001;PARIS-MONTSOURIS;20201120;0.0
75114001;PARIS-MONTSOURIS;20201121;0.0
75114001;PARIS-MONTSOURIS;20201122;0.2
75114001;PARIS-MONTSOURIS;20201123;1.2
75114001;PARIS-MONTSOURIS;20201124;0.0
75114001;PARIS-MONTSOURIS;20201125;0.2
75114001;PARIS-MONTSOURIS;20201126;0.0
75114001;PARIS-MONTSOURIS;20201127;0.2
75114001;PARIS-MONTSOURIS;20201128;0.2
75114001;PARIS-MONTSOURIS;20201129;0.0
75114001;PARIS-MONTSOURIS;20201130;1.0
75114001;PARIS-MONTSOURIS;20201201;0.0
75114001;PARIS-MONTSOURIS;20201202;0.2
75114001;PARIS-MONTSOURIS;20201203;10.7
75114001;PARIS-MONTSOURIS;20201204;1.4
75114001;PARIS-MONTSOURIS;20201205;1.2
75114001;PARIS-MONTSOURIS;20201206;0.0
75114001;PARIS-MONTSOURIS;20201207;0.0
75114001;PARIS-MONTSOURIS;20201208;0.0
75114001;PARIS-MONTSOURIS;20201209;0.0
75114001;PARIS-MONTSOURIS;20201210;6.1
75114001;PARIS-MONTSOURIS;20201211;7.4
75114001;PARIS-MONTSOURIS;20201212;2.2
75114001;PARIS-MONTSOURIS;20201213;0.8
75114001;PARIS-MONTSOURIS;20201214;7.0
75114001;PARIS-MONTSOURIS;20201215;1.4
75114001;PARIS-MONTSOURIS;20201216;2.8
75114001;PARIS-MONTSOURIS;20201217;0.4
75114001;PARIS-MONTSOURIS;20201218;0.2
75114001;PARIS-MONTSOURIS;20201219;1.8
75114001;PARIS-MONTSOURIS;20201220;6.1
75114001;PARIS-MONTSOURIS;20201221;10.4
75114001;PARIS-MONTSOURIS;20201222;17.1
75114001;PARIS-MONTSOURIS;20201223;8.8
75114001;PARIS-MONTSOURIS;20201224;2.4
75114001;PARIS-MONTSOURIS;20201225;0.0
75114001;PARIS-MONTSOURIS;20201226;0.0
75114001;PARIS-MONTSOURIS;20201227;11.1
75114001;PARIS-MONTSOURIS;20201228;14.3
75114001;PARIS-MONTSOURIS;20201229;1.2
75114001;PARIS-MONTSOURIS;20201230;3.0
75114001;PARIS-MONTSOURIS;20201231;0.8
